id;payment_id;amount;payment_date;payment_status;transaction_id
1;1c1ebdbb-9151-4e65-a5d1-522cb8ceaf42;15296.31;2025-03-03T00:33:03;FAILED;shack similar
2;7f9d4617-4aa7-43da-8d75-16f285a16d37;1354.03;2025-03-02T13:51:09;CANCEL;sorrowful
3;bf039ddf-9e5b-4859-83ff-d9942206c87c;1283.95;2025-03-03T02:28:28;FAILED;tighten uh-huh
4;045dba4f-5df1-4bd0-89e2-56f599208131;21436.27;2025-03-02T03:41:23;FAILED;mmm
5;adc85008-833f-465b-a085-de4c4e3f65b4;13836.92;2025-03-02T04:32:47;CANCEL;agile elicit
6;656d8bf7-cad4-4ae1-90a3-903a477d0cff;12923.58;2025-03-02T06:05:21;FAILED;anenst webinar
7;62a47e0c-b6ef-4552-bd3f-515b259ad538;21440.84;2025-03-02T22:05:44;PENDING;frankly phony
8;46ee669e-93c9-46ca-881b-7eef50e2a8a8;20721.33;2025-03-02T13:16:16;CANCEL;coevolution attic register
9;fdb5bd2c-b80a-4755-b10d-15100d31e6e5;23010.89;2025-03-02T12:09:45;PENDING;forewarn
10;cee213b7-b04e-420b-acdb-e5ee44a25d25;28047.55;2025-03-03T00:55:31;FAILED;defiantly glisten pace
