id;report_id;date;content;report_status
1;f597ef15-58c5-4458-80ea-3116ac4d8fc3;2025-03-02T07:04:40;down out;WAITING
2;f6d2b5db-c76f-4749-9bfb-6b05c6f9e300;2025-03-02T03:47:33;mmm fatherly executive;DONE
3;7334c6e4-d24b-4d7f-82d2-ceae3bfc93fc;2025-03-02T07:48:58;inwardly;WAITING
4;9cb8aab5-a27f-4229-9651-1a60d7de43b1;2025-03-02T07:22:26;bravely searchingly;WAITING
5;a06b8163-1612-46fe-9081-55943362d3c6;2025-03-02T13:31:31;alongside pinch;WAITING
6;58ba4679-9ed6-4177-812d-609f09e42e45;2025-03-02T16:14:05;unless not;DONE
7;77e49b90-a9b1-4ef3-9895-c5385bc2f0bc;2025-03-02T14:46:24;powerfully;WAITING
8;09019732-2b30-4781-86a6-774f7040b594;2025-03-02T21:50:12;dead yet;WAITING
9;3c317c16-cfa5-48db-b904-9c4f33550fe9;2025-03-02T21:49:46;baggy;DONE
10;7513893a-a2cd-4f48-8cba-7b7c0ba0acbe;2025-03-02T23:06:10;hmph obvious;WAITING
