id;app_user_detail;userimage;userimage_content_type;phone;gender
1;1ac2deb1-6b18-41e5-b9b1-e7721fa76231;../fake-data/blob/hipster.png;image/png;(842) 249-3174;exploit gas ultimately
2;5e81d8cf-a199-46cb-ac4f-3fdb26f8c7e7;../fake-data/blob/hipster.png;image/png;1-904-576-2866;individualize down ill-fated
3;4c3c2ab4-76d0-43d5-8f4a-22e413642a15;../fake-data/blob/hipster.png;image/png;418-606-5258 x0529;correctly unless port
4;828820cf-9999-4b68-97b8-8a9d3eec0d05;../fake-data/blob/hipster.png;image/png;1-284-332-3404;or
5;1702e486-40c6-472d-bcba-86c1d5a93ea4;../fake-data/blob/hipster.png;image/png;752.813.2045;ick portend dismantle
6;fb931c49-2e0a-4661-8e80-70683cc62387;../fake-data/blob/hipster.png;image/png;1-966-329-5269 x333;canonize
7;957157d4-6c23-4d62-84ca-aa11874616b0;../fake-data/blob/hipster.png;image/png;(612) 732-8264 x9947;discharge near undershoot
8;cf239865-9b85-4901-b174-8df37b5aba39;../fake-data/blob/hipster.png;image/png;252-857-0241 x756;kind lovingly drain
9;887a3e57-d87c-479b-834f-204201662e75;../fake-data/blob/hipster.png;image/png;1-275-553-9148 x6153;coaxingly meager
10;d587b88f-f469-49f3-a2d0-010edf471f14;../fake-data/blob/hipster.png;image/png;446.630.3443 x2108;especially
